"STATION","NAME","DATE","CDSD","CLDD","DP01","DP10","DSND","DSNW","DT00","DT32","DX32","DX70","DX90","EMNT","EMSD","EMSN","EMXP","EMXT","HDSD","HTDD","PRCP","SNOW","TAVG","TMAX","TMIN"
"USW00014739","BOSTON, MA US","2000-01","0","0","10","6","11","3","1","25","14","0","0","0","5","5.6","0.76","64","2957","1163","2.62","13.2","27.5","35.7","19.3"
"USW00014739","BOSTON, MA US","2000-02","0","0","12","5","14","2","0","23","5","0","0","13","8","6.5","0.98","61","3851","894","2.56","9.3","34.2","41.4","26.9"
"USW00014739","BOSTON, MA US","2000-03","0","0","8","6","1","1","0","7","1","2","0","16","2","2.0","1.00","72","4524","673","3.60","2.0","43.3","51.1","35.5"
"USW00014739","BOSTON, MA US","2000-04","0","0","15","10","0","0","0","0","0","2","0","34","0","0.0","1.50","75","5054","530","5.03","0.0","47.3","54.4","40.2"
"USW00014739","BOSTON, MA US","2000-05","15","15","14","7","0","0","0","0","0","9","1","42","0","0.0","0.71","91","5310","256","2.89","0.0","57.2","65.9","48.5"
"USW00014739","BOSTON, MA US","2000-06","161","147","13","9","0","0","0","0","0","21","3","46","0","0.0","4.00","92","5387","77","6.61","0.0","67.3","75.4","59.2"
"USW00014739","BOSTON, MA US","2000-07","322","161","12","9","0","0","0","0","0","26","0","55","0","0.0","1.35","87","7","7","5.20","0.0","69.9","77.1","62.8"
"USW00014739","BOSTON, MA US","2000-08","488","166","12","5","0","0","0","0","0","29","0","56","0","0.0","0.91","89","11","3","2.22","0.0","70.2","77.1","63.4"
"USW00014739","BOSTON, MA US","2000-09","556","68","8","5","0","0","0","0","0","19","0","38","0","0.0","0.94","87","123","113","2.87","0.0","63.5","71.6","55.4"
"USW00014739","BOSTON, MA US","2000-10","560","4","8","7","0","0","0","0","0","8","0","33","0","0.0","1.03","80","473","349","2.86","0.0","53.9","61.7","46.1"
"USW00014739","BOSTON, MA US","2000-11","560","0","8","6","0","0","0","6","1","0","0","17","0","0.0","1.46","66","1109","636","4.51","0.0","43.8","49.2","38.4"
"USW00014739","BOSTON, MA US","2000-12","560","0","9","6","2","1","0","30","14","0","0","8","1","1.4","2.67","64","2219","1110","4.67","4.5","29.2","35.9","22.5"
"USW00014739","BOSTON, MA US","2001-01","0","0","9","4","13","4","0","31","5","0","0","12","7","6.4","0.42","44","3305","1087","1.58","12.4","29.9","36.2","23.7"
"USW00014739","BOSTON, MA US","2001-02","0","0","11","4","5","3","0","25","7","0","0","10","4","2.9","0.61","54","4237","932","1.38","9.8","31.7","39.2","24.2"
"USW00014739","BOSTON, MA US","2001-03","0","0","13","9","13","6","0","18","5","0","0","17","12","6.2","2.59","51","5159","921","7.57","19.3","35.3","40.6","29.9"
"USW00014739","BOSTON, MA US","2001-04","8","8","6","4","0","0","0","2","0","4","0","32","0","0.0","0.33","85","5656","497","0.89","0.0","48.7","56.7","40.7"
"USW00014739","BOSTON, MA US","2001-05","62","54","10","3","0","0","0","0","0","12","3","38","0","0.0","0.49","92","5880","223","1.24","0.0","59.5","68.0","51.1"
"USW00014739","BOSTON, MA US","2001-06","264","202","9","7","0","0","0","0","0","27","4","50","0","0.0","2.26","92","5899","19","4.99","0.0","71.1","79.7","62.4"
"USW00014739","BOSTON, MA US","2001-07","419","155","8","5","0","0","0","0","0","29","3","56","0","0.0","0.67","95","3","3","2.13","0.0","69.9","77.9","61.9"
"USW00014739","BOSTON, MA US","2001-08","696","277","8","7","0","0","0","0","0","29","6","58","0","0.0","1.57","97","4","1","4.13","0.0","73.9","81.1","66.7"
"USW00014739","BOSTON, MA US","2001-09","773","77","9","5","0","0","0","0","0","19","0","48","0","0.0","0.73","87","73","69","2.29","0.0","65.3","73.3","57.2"
"USW00014739","BOSTON, MA US","2001-10","792","19","6","1","0","0","0","0","0","11","0","34","0","0.0","0.77","83","365","292","0.98","0.0","56.2","65.0","47.4"
"USW00014739","BOSTON, MA US","2001-11","792","0","10","3","0","0","0","3","0","2","0","29","0","0.0","0.19","73","866","501","0.73","0.0","48.3","56.1","40.5"
"USW00014739","BOSTON, MA US","2001-12","792","0","9","6","2","2","0","16","0","2","0","23","3","3.0","0.77","72","1624","758","2.83","5.0","40.5","46.4","34.7"
"USW00014739","BOSTON, MA US","2002-01","0","0","13","11","4","3","0","19","1","0","0","22","4","3.0","0.80","65","2502","878","3.14","7.9","36.7","42.4","30.9"
"USW00014739","BOSTON, MA US","2002-02","0","0","7","4","0","0","0","21","1","0","0","13","0","0.3","0.54","60","3305","803","1.81","0.5","36.3","44.6","28.0"
"USW00014739","BOSTON, MA US","2002-03","0","0","13","9","0","0","0","14","1","0","0","19","0","0.7","0.61","66","4074","769","3.53","1.4","40.2","47.8","32.6"
"USW00014739","BOSTON, MA US","2002-04","7","7","12","5","0","0","0","3","0","6","1","28","0","0.3","0.93","93","4541","466","2.61","0.3","49.7","58.6","40.8"
"USW00014739","BOSTON, MA US","2002-05","24","16","9","7","0","0","0","0","0","12","0","37","0","0.0","1.56","84","4784","243","4.48","0.0","57.7","66.7","48.7"
"USW00014739","BOSTON, MA US","2002-06","153","128","15","9","0","0","0","0","0","21","2","47","0","0.0","1.32","93","4868","84","4.78","0.0","66.5","75.0","58.0"
"USW00014739","BOSTON, MA US","2002-07","469","316","7","3","0","0","0","0","0","31","12","58","0","0.0","0.61","97","1","1","1.43","0.0","75.2","84.0","66.3"
"USW00014739","BOSTON, MA US","2002-08","792","323","9","5","0","0","0","0","0","27","10","58","0","0.0","0.84","101","7","6","2.13","0.0","75.2","83.2","67.2"
"USW00014739","BOSTON, MA US","2002-09","925","133","11","10","0","0","0","0","0","23","2","50","0","0.0","0.91","91","41","33","3.40","0.0","68.3","76.1","60.6"
"USW00014739","BOSTON, MA US","2002-10","946","20","9","6","0","0","0","1","0","5","0","32","0","0.0","1.74","85","453","413","3.47","0.0","52.3","59.1","45.6"
"USW00014739","BOSTON, MA US","2002-11","946","0","14","8","4","1","0","9","1","1","0","19","4","3.5","1.25","70","1115","662","5.03","3.6","42.9","49.2","36.7"
"USW00014739","BOSTON, MA US","2002-12","946","0","12","8","10","4","0","24","7","0","0","12","5","3.4","1.99","61","2103","988","5.30","11.1","33.1","39.2","27.0"
"USW00014739","BOSTON, MA US","2003-01","0","0","13","3","5","1","0","30","18","0","0","1","2","1.4","0.51","44","3372","1269","1.82","4.3","24.1","30.4","17.7"
"USW00014739","BOSTON, MA US","2003-02","0","0","10","8","22","4","2","23","15","0","0","0","19","23.6","1.57","53","4455","1083","4.21","41.6","26.3","32.7","20.0"
"USW00014739","BOSTON, MA US","2003-03","0","0","13","8","6","2","0","17","3","0","0","9","4","5.8","1.30","69","5302","848","4.00","8.1","37.7","46.5","28.8"
"USW00014739","BOSTON, MA US","2003-04","3","3","14","8",,"1","0","9","0","4","0","28",,"1.6","1.27","84","5922","620","4.00","2.3","44.4","51.4","37.5"
"USW00014739","BOSTON, MA US","2003-05","5","2","18","7","0","0","0","0","0","9","0","39","0","0.0","1.47","82","6233","310","4.12","0.0","55.1","62.3","47.9"
"USW00014739","BOSTON, MA US","2003-06","96","91","11","8","0","0","0","0","0","18","1","50","0","0.0","1.76","93","6313","80","4.69","0.0","65.4","72.4","58.3"
"USW00014739","BOSTON, MA US","2003-07","387","290","8","7",,"0","0","0","0","30","3","59",,"0.0","0.63","93","2","2","2.10","0.0","74.3","82.2","66.4"
"USW00014739","BOSTON, MA US","2003-08","678","292","12","6","0","0","0","0","0","29","2","55","0","0.0","0.89","93","7","5","2.90","0.0","74.2","81.9","66.6"
"USW00014739","BOSTON, MA US","2003-09","731","52","6","5",,"0","0","0","0","23","0","49",,"0.0","1.05","83","38","31","2.65","0.0","65.7","72.0","59.4"
"USW00014739","BOSTON, MA US","2003-10","731","0","12","5","0","0","0","0","0","5","0","33","0","0.0","2.00","74","410","372","6.20","0.0","53.0","60.3","45.6"
"USW00014739","BOSTON, MA US","2003-11","731","0","12","8","0","0","0","7","0","1","0","27","0","0.0","0.69","76","984","574","2.63","0.0","45.9","52.5","39.2"
"USW00014739","BOSTON, MA US","2003-12","731","0","10","7","12","3","0","20","3","0","0","16","17","11.9","1.49","58","1882","898","5.06","21.5","36.0","42.9","29.2"
"USW00014739","BOSTON, MA US","2004-01","0","0","9","4","4","3","4","28","20","0","0","-7","2","1.6","0.29","50","3257","1374","1.02","4.9","20.7","27.2","14.1"
"USW00014739","BOSTON, MA US","2004-02","0","0","4","3","2","1","0","25","4","0","0","12","1","2.4","0.90","55","4184","928","1.45","2.4","33.0","40.2","25.8"
"USW00014739","BOSTON, MA US","2004-03","0","0","14","8","6","2","0","16","3","0","0","21","8","6.5","1.32","67","4979","795","3.39","10.6","39.4","45.9","32.8"
"USW00014739","BOSTON, MA US","2004-04","3","3","13","9","0","0","0","2","0","6","0","30","0","0.0","4.29","86","5448","468","9.57","0.0","49.5","57.8","41.1"
"USW00014739","BOSTON, MA US","2004-05","25","22","13","8","0","0","0","0","0","12","0","40","0","0.0","0.67","89","5662","214","3.07","0.0","58.8","67.3","50.4"
"USW00014739","BOSTON, MA US","2004-06","125","99","11","7","0","0","0","0","0","23","1","49","0","0.0","0.49","93","5716","54","1.95","0.0","66.5","74.9","58.0"
"USW00014739","BOSTON, MA US","2004-07","315","190","10","7","0","0","0","0","0","28","0","59","0","0.0","1.20","89","3","3","3.87","0.0","71.0","77.6","64.4"
"USW00014739","BOSTON, MA US","2004-08","538","223","11","9","0","0","0","0","0","29","3","56","0","0.0","1.05","91","8","4","4.39","0.0","72.1","79.8","64.4"
"USW00014739","BOSTON, MA US","2004-09","605","67","7","5","0","0","0","0","0","18","0","47","0","0.0","2.87","85","68","60","7.44","0.0","65.2","72.7","57.7"
"USW00014739","BOSTON, MA US","2004-10","605","0","9","3","0","0","0","0","0","3","0","38","0","0.0","0.63","74","416","347","1.88","0.0","53.8","60.1","47.5"
"USW00014739","BOSTON, MA US","2004-11","605","0","10","6","1","2","0","7","0","0","0","24","4","2.0","0.80","66","1035","620","2.92","3.9","44.3","51.6","37.1"
"USW00014739","BOSTON, MA US","2004-12","605","0","11","7",,"2","0","20","3","0","0","6",,"4.3","0.99","61","1966","931","3.66","7.2","35.0","42.3","27.6"
"USW00014739","BOSTON, MA US","2005-01","0","0","16","12",,"9","1","27","14","0","0","-2",,"13.4","0.75","63","3153","1187","4.46","43.3","26.7","33.8","19.7"
"USW00014739","BOSTON, MA US","2005-02","0","0","13","8",,"4","0","24","5","0","0","13",,"5.5","0.86","54","4101","949","2.70","17.8","31.1","37.4","24.9"
"USW00014739","BOSTON, MA US","2005-03","0","0","8","6",,"3","0","21","4","0","0","11",,"6.1","1.30","55","5024","923","3.88","14.5","35.2","41.9","28.5"
"USW00014739","BOSTON, MA US","2005-04","4","4","13","7",,"0","0","0","0","2","0","33",,"0.0","0.81","87","5487","463","3.17","0.0","49.7","58.0","41.3"
"USW00014739","BOSTON, MA US","2005-05","5","0","19","9",,"0","0","0","0","3","0","39",,"0.0","0.92","78","5885","398","3.98","0.0","52.2","58.1","46.3"
"USW00014739","BOSTON, MA US","2005-06","175","170","7","4",,"0","0","0","0","23","3","48",,"0.0","0.58","95","5955","69","1.46","0.0","68.3","77.1","59.6"
"USW00014739","BOSTON, MA US","2005-07","441","266","5","4",,"0","0","0","0","28","7","56",,"0.0","2.04","94","11","11","3.37","0.0","73.3","81.2","65.3"
"USW00014739","BOSTON, MA US","2005-08","731","290","12","7",,"0","0","0","0","30","3","60",,"0.0","0.60","97","11","0","2.88","0.0","74.4","82.3","66.5"
"USW00014739","BOSTON, MA US","2005-09","853","121","8","5",,"0","0","0","0","25","1","48",,"0.0","0.98","91","46","36","1.78","0.0","67.9","75.6","60.1"
"USW00014739","BOSTON, MA US","2005-10","866","13","15","10",,"1","0","0","0","8","0","33",,"1.1","2.89","81","378","332","9.41","1.1","54.7","60.9","48.5"
"USW00014739","BOSTON, MA US","2005-11","866","0","11","9",,"0","0","8","0","1","0","21",,"0.0","1.61","70","952","574","3.71","0.0","45.9","53.7","38.0"
"USW00014739","BOSTON, MA US","2005-12","866","0","8","6",,"2","0","26","6","0","0","10",,"8.6","0.84","51","1961","1009","2.87","10.7","32.4","38.3","26.6"
"USW00014739","BOSTON, MA US","2006-01","0","0","15","11",,"3","0","19","3","0","0","10",,"4.4","0.90","60","2845","884","4.60","8.1","36.5","43.4","29.6"
"USW00014739","BOSTON, MA US","2006-02","0","0","8","4",,"3","0","23","9","0","0","7",,"17.5","0.98","57","3798","953","2.64","20.0","31.0","38.1","23.8"
"USW00014739","BOSTON, MA US","2006-03","0","0","3","2",,"0","0","16","1","1","0","18",,"0.0","0.30","73","4614","816","0.56","0.0","38.7","46.6","30.7"
"USW00014739","BOSTON, MA US","2006-04","0","0","14","7",,"0","0","0","0","4","0","33",,"0.0","0.61","77","5069","455","1.83","0.0","49.8","57.9","41.7"
"USW00014739","BOSTON, MA US","2006-05","19","19","14","12",,"0","0","0","0","10","0","44",,"0.0","3.84","84","5336","267","12.48","0.0","57.0","63.9","50.1"
"USW00014739","BOSTON, MA US","2006-06","171","152","15","13",,"0","0","0","0","22","2","52",,"0.0","2.89","93","5395","58","10.08","0.0","68.1","75.1","61.1"
"USW00014739","BOSTON, MA US","2006-07","510","339","10","9",,"0","0","0","0","31","6","62",,"0.0","1.29","96","0","0","3.58","0.0","75.9","84.5","67.4"
"USW00014739","BOSTON, MA US","2006-08","722","211","10","7",,"0","0","0","0","27","3","55",,"0.0","0.84","98","12","12","3.20","0.0","71.4","78.8","64.0"
"USW00014739","BOSTON, MA US","2006-09","778","56","8","4",,"0","0","0","0","17","0","45",,"0.0","0.50","84","81","69","1.72","0.0","64.6","71.8","57.3"
"USW00014739","BOSTON, MA US","2006-10","782","4","8","8",,"0","0","0","0","5","0","37",,"0.0","2.02","80","417","336","4.50","0.0","54.3","61.8","46.7"
"USW00014739","BOSTON, MA US","2006-11","782","0","13","10",,"0","0","1","0","0","0","32",,"0.0","1.83","69","894","477","5.80","0.0","49.1","55.8","42.4"
"USW00014739","BOSTON, MA US","2006-12","782","0","11","5",,"0","0","12","0","0","0","20",,"0.4","0.81","67","1637","744","1.89","0.8","41.0","47.6","34.4"
"USW00014739","BOSTON, MA US","2007-01","0","0","12","5",,"0","0","19","9","0","0","3",,"0.6","0.86","69","2637","1000","2.57","1.0","32.7","39.6","25.9"
"USW00014739","BOSTON, MA US","2007-02","0","0","6","3",,"2","0","27","11","0","0","8",,"2.5","1.62","49","3725","1088","2.20","4.6","26.1","33.0","19.3"
"USW00014739","BOSTON, MA US","2007-03","0","0","10","7",,"3","0","17","4","0","0","5",,"7.9","1.48","68","4580","854","4.31","10.2","37.4","46.0","28.9"
"USW00014739","BOSTON, MA US","2007-04","4","4","15","11",,"0","0","4","0","4","0","28",,"0.3","1.42","86","5179","599","6.71","0.5","45.2","51.6","38.7"
"USW00014739","BOSTON, MA US","2007-05","70","66","7","4",,"0","0","0","0","14","1","42",,"0.0","1.72","92","5357","178","3.70","0.0","61.4","70.8","52.0"
"USW00014739","BOSTON, MA US","2007-06","225","155","10","4",,"0","0","0","0","24","3","50",,"0.0","1.46","96","5407","50","2.13","0.0","68.5","77.0","60.0"
"USW00014739","BOSTON, MA US","2007-07","470","245","12","7",,"0","0","0","0","29","5","56",,"0.0","2.32","92","0","0","5.26","0.0","72.9","81.0","64.8"
"USW00014739","BOSTON, MA US","2007-08","721","251","5","2",,"0","0","0","0","27","6","55",,"0.0","0.28","96","13","12","0.66","0.0","72.7","80.6","64.7"
"USW00014739","BOSTON, MA US","2007-09","852","131","5","3",,"0","0","0","0","22","3","47",,"0.0","1.28","95","65","52","1.81","0.0","67.6","76.1","59.2"
"USW00014739","BOSTON, MA US","2007-10","882","29","12","5",,"0","0","0","0","10","0","37",,"0.0","0.64","86","274","209","2.09","0.0","59.2","66.9","51.5"
"USW00014739","BOSTON, MA US","2007-11","882","0","10","6",,"0","0","8","0","0","0","22",,"0.0","0.85","69","932","659","2.80","0.0","43.0","50.1","36.0"
"USW00014739","BOSTON, MA US","2007-12","882","0","19","9",,"4","0","25","6","0","0","17",,"10.1","1.25","53","1943","1011","5.25","26.9","32.4","38.6","26.2"
"USW00014739","BOSTON, MA US","2008-01","0","0","7","5",,"2","0","23","5","0","0","7",,"7.0","1.41","67","2923","979","2.69","8.3","33.4","40.3","26.5"
"USW00014739","BOSTON, MA US","2008-02","0","0","15","9",,"3","0","24","9","0","0","11",,"8.9","2.66","62","3865","942","7.95","15.0","32.5","39.4","25.6"
"USW00014739","BOSTON, MA US","2008-03","0","0","11","11",,"1","0","19","0","0","0","25",,"1.0","1.88","60","4695","830","4.66","1.0","38.2","45.4","31.1"
"USW00014739","BOSTON, MA US","2008-04","2","2","9","5",,"0","0","0","0","3","0","33",,"0.0","0.95","84","5166","472","2.98","0.0","49.4","56.8","41.9"
"USW00014739","BOSTON, MA US","2008-05","15","13","10","7",,"0","0","0","0","12","0","40",,"0.0","0.99","83","5405","239","2.73","0.0","57.7","65.5","49.9"
"USW00014739","BOSTON, MA US","2008-06","203","188","8","7",,"0","0","0","0","25","4","52",,"0.0","0.78","95","5434","29","3.46","0.0","70.3","79.1","61.5"
"USW00014739","BOSTON, MA US","2008-07","514","311","16","11",,"0","0","0","0","30","4","61",,"0.0","2.16","95","0","0","6.01","0.0","75.0","82.8","67.2"
"USW00014739","BOSTON, MA US","2008-08","670","156","11","8",,"0","0","0","0","29","0","56",,"0.0","1.31","87","0","0","4.48","0.0","70.0","76.9","63.2"
"USW00014739","BOSTON, MA US","2008-09","762","92","10","9",,"0","0","0","0","15","0","48",,"0.0","1.86","89","85","84","6.45","0.0","65.3","71.5","59.0"
"USW00014739","BOSTON, MA US","2008-10","763","1","8","4",,"0","0","0","0","5","0","33",,"0.0","0.40","74","447","363","1.42","0.0","53.3","61.1","45.6"
"USW00014739","BOSTON, MA US","2008-11","763","0","12","5",,"0","0","10","1","1","0","22",,"0.0","1.77","70","1096","648","4.57","0.0","43.4","49.7","37.1"
"USW00014739","BOSTON, MA US","2008-12","763","0","16","11",,"6","0","21","6","0","0","9",,"8.8","2.29","63","2005","909","7.11","25.3","35.7","43.5","27.8"
"USW00014739","BOSTON, MA US","2009-01","0","0","10","5",,"5","0","31","14","0","0","6",,"9.3","1.17","40","3250","1244","3.35","23.7","24.9","31.2","18.5"
"USW00014739","BOSTON, MA US","2009-02","0","0","9","6",,"1","0","24","4","0","0","8",,"4.2","0.78","60","4148","898","1.94","6.2","32.9","41.0","24.9"
"USW00014739","BOSTON, MA US","2009-03","0","0","11","6",,"3","0","18","4","0","0","14",,"6.9","0.69","61","5002","854","2.51","10.7","37.5","44.3","30.6"
"USW00014739","BOSTON, MA US","2009-04","17","17","12","5",,"0","0","0","0","6","1","34",,"0.0","1.17","93","5453","451","4.13","0.0","50.5","59.1","41.9"
"USW00014739","BOSTON, MA US","2009-05","43","26","13","9",,"0","0","0","0","12","1","45",,"0.0","0.57","92","5649","195","2.70","0.0","59.5","67.7","51.3"
"USW00014739","BOSTON, MA US","2009-06","75","32","16","9",,"0","0","0","0","13","0","48",,"0.0","0.56","84","5731","82","3.22","0.0","63.3","69.2","57.5"
"USW00014739","BOSTON, MA US","2009-07","262","187","13","11",,"0","0","0","0","25","0","58",,"0.0","1.93","87","16","16","6.90","0.0","70.5","77.4","63.6"
"USW00014739","BOSTON, MA US","2009-08","535","273","9","5",,"0","0","0","0","30","4","56",,"0.0","1.65","95","21","6","3.24","0.0","73.6","80.9","66.4"
"USW00014739","BOSTON, MA US","2009-09","572","37","5","5",,"0","0","0","0","16","0","46",,"0.0","2.11","81","112","91","3.09","0.0","63.2","70.4","56.0"
"USW00014739","BOSTON, MA US","2009-10","572","0","12","7",,"0","0","0","0","1","0","34",,"0.1","1.18","73","520","408","5.18","0.1","51.8","59.0","44.7"
"USW00014739","BOSTON, MA US","2009-11","572","0","10","5",,"0","0","0","0","0","0","35",,"0.0","1.49","69","1005","485","3.34","0.0","48.8","54.8","42.9"
"USW00014739","BOSTON, MA US","2009-12","572","0","11","7",,"3","0","23","10","0","0","10",,"10.0","1.03","69","1992","987","3.91","15.2","33.2","39.7","26.6"
"USW00014739","BOSTON, MA US","2010-01","0","0","8","6",,"3","0","29","9","0","0","6",,"6.4","0.81","57","3090","1098","2.91","13.2","29.6","35.9","23.3"
"USW00014739","BOSTON, MA US","2010-02","0","0","7","4",,"2","0","22","2","0","0","14",,"5.3","1.28","50","3982","891","3.34","7.0","33.2","38.6","27.7"
"USW00014739","BOSTON, MA US","2010-03","0","0","14","8",,"0","0","5","0","1","0","25",,"0.2","3.40","72","4637","655","14.87","0.2","43.9","50.2","37.6"
"USW00014739","BOSTON, MA US","2010-04","2","2","9","4",,"0","0","0","0","6","1","35",,"0.0","0.88","90","4999","362","1.78","0.0","53.0","61.8","44.2"
"USW00014739","BOSTON, MA US","2010-05","69","67","8","4",,"0","0","0","0","19","1","40",,"0.0","1.20","94","5134","135","2.90","0.0","62.8","72.0","53.6"
"USW00014739","BOSTON, MA US","2010-06","249","180","12","7",,"0","0","0","0","27","4","53",,"0.0","0.71","94","5154","20","3.18","0.0","70.3","78.8","61.8"
"USW00014739","BOSTON, MA US","2010-07","628","378","9","4",,"0","0","0","0","31","10","60",,"0.0","1.65","100","0","0","2.66","0.0","77.2","85.8","68.6"
"USW00014739","BOSTON, MA US","2010-08","896","268","7","6",,"0","0","0","0","28","7","60",,"0.0","2.76","96","6","6","5.75","0.0","73.4","81.4","65.4"
"USW00014739","BOSTON, MA US","2010-09","1037","141","9","6",,"0","0","0","0","24","2","51",,"0.0","0.68","95","39","32","1.80","0.0","68.6","76.6","60.7"
"USW00014739","BOSTON, MA US","2010-10","1050","13","11","6",,"0","0","0","0","5","0","37",,"0.0","1.29","84","343","304","3.91","0.0","55.6","63.0","48.2"
"USW00014739","BOSTON, MA US","2010-11","1050","0","9","6",,"0","0","5","0","0","0","28",,"0.0","0.90","64","949","606","2.96","0.0","44.8","51.0","38.5"
"USW00014739","BOSTON, MA US","2010-12","1050","0","9","6",,"3","0","27","6","0","0","14",,"9.9","1.15","57","1952","1002","3.61","22.0","32.7","38.7","26.6"
"USW00014739","BOSTON, MA US","2011-01","0","0","11","9",,"7","1","29","12","0","0","-2",,"14.6","1.40","56","3112","1160","4.57","38.3","27.6","33.6","21.6"
"USW00014739","BOSTON, MA US","2011-02","0","0","10","7",,"5","0","24","7","0","0","13",,"6.8","1.63","60","4077","965","4.57","18.5","30.5","38.8","22.2"
"USW00014739","BOSTON, MA US","2011-03","0","0","9","5",,"0","0","18","1","1","0","12",,"0.6","0.54","70","4885","808","2.10","1.3","38.9","46.3","31.5"
"USW00014739","BOSTON, MA US","2011-04","2","2","15","6",,"0","0","0","0","5","0","33",,"0.9","1.33","78","5335","449","4.04","0.9","50.1","57.8","42.4"
"USW00014739","BOSTON, MA US","2011-05","56","53","13","8",,"0","0","0","0","11","0","44",,"0.0","1.07","87","5567","233","3.24","0.0","59.2","66.0","52.5"
"USW00014739","BOSTON, MA US","2011-06","185","129","13","8",,"0","0","0","0","20","1","49",,"0.0","1.82","92","5634","67","4.76","0.0","67.1","74.1","60.1"
"USW00014739","BOSTON, MA US","2011-07","567","381","10","7",,"0","0","0","0","31","10","63",,"0.0","0.72","103","0","0","2.04","0.0","77.3","85.7","68.9"
"USW00014739","BOSTON, MA US","2011-08","843","276","14","9",,"0","0","0","0","30","2","62",,"0.0","1.43","93","0","0","7.74","0.0","73.9","81.0","66.8"
"USW00014739","BOSTON, MA US","2011-09","957","114","11","8",,"0","0","0","0","22","0","48",,"0.0","1.17","87","45","45","4.40","0.0","67.3","74.3","60.3"
"USW00014739","BOSTON, MA US","2011-10","981","24","13","9",,"0","0","0","0","4","0","34",,"0.6","1.17","87","301","256","6.76","1.0","57.5","64.0","51.1"
"USW00014739","BOSTON, MA US","2011-11","981","0","7","5",,"0","0","1","0","0","0","31",,"0.0","1.46","69","740","439","4.21","0.0","50.4","58.5","42.2"
"USW00014739","BOSTON, MA US","2011-12","981","0","12","5",,"0","0","17","2","0","0","18",,"0.0","1.60","63","1514","774","3.97","0.0","40.0","47.6","32.4"
"USW00014739","BOSTON, MA US","2012-01","0","0","14","5",,"3","0","22","5","0","0","6",,"2.9","0.92","60","2470","956","2.68","6.8","34.1","41.7","26.6"
"USW00014739","BOSTON, MA US","2012-02","0","0","6","2",,"0","0","19","1","0","0","16",,"0.9","0.54","59","3273","802","1.00","0.9","37.3","44.9","29.8"
"USW00014739","BOSTON, MA US","2012-03","8","8","8","2",,"0","0","9","0","7","0","20",,"0.4","0.58","83","3849","577","1.22","0.6","46.7","55.2","38.1"
"USW00014739","BOSTON, MA US","2012-04","24","15","6","4",,"0","0","0","0","6","0","34",,"0.0","1.48","87","4221","372","3.09","0.0","53.1","62.3","43.9"
"USW00014739","BOSTON, MA US","2012-05","56","33","13","7",,"0","0","0","0","13","0","45",,"0.0","0.85","86","4400","179","3.43","0.0","60.3","66.5","54.0"
"USW00014739","BOSTON, MA US","2012-06","188","132","13","7",,"0","0","0","0","17","4","50",,"0.0","1.19","97","4479","79","4.71","0.0","66.7","73.8","59.7"
"USW00014739","BOSTON, MA US","2012-07","508","321","8","5",,"0","0","0","0","31","6","61",,"0.0","1.74","97","0","0","3.88","0.0","75.3","83.4","67.3"
"USW00014739","BOSTON, MA US","2012-08","807","299","7","4",,"0","0","0","0","31","2","60",,"0.0","1.17","92","0","0","3.08","0.0","74.6","82.1","67.2"
"USW00014739","BOSTON, MA US","2012-09","875","68","11","8",,"0","0","0","0","21","0","49",,"0.0","0.79","82","76","76","4.10","0.0","64.7","71.9","57.5"
"USW00014739","BOSTON, MA US","2012-10","880","5","16","6",,"0","0","0","0","5","0","35",,"0.0","1.06","78","346","270","2.62","0.0","56.5","63.1","49.8"
"USW00014739","BOSTON, MA US","2012-11","880","0","5","4",,"0","0","7","0","0","0","30",,"0.3","0.33","66","1033","687","1.01","0.4","42.1","48.1","36.1"
"USW00014739","BOSTON, MA US","2012-12","880","0","15","9",,"1","0","17","2","0","0","21",,"2.2","1.67","60","1856","824","5.93","3.4","38.4","44.3","32.5"
"USW00014739","BOSTON, MA US","2013-01","0","0","10","4",,"2","0","25","11","0","0","4",,"3.2","0.37","61","2894","1038","1.09","5.0","31.5","38.7","24.3"
"USW00014739","BOSTON, MA US","2013-02","0","0","14","8",,"4","0","25","7","0","0","15",,"14.8","1.37","47","3843","949","5.27","34.1","31.1","36.9","25.4"
"USW00014739","BOSTON, MA US","2013-03","0","0","10","5",,"3","0","16","0","0","0","21",,"10.5","1.35","59","4689","846","3.33","20.6","37.7","43.8","31.6"
"USW00014739","BOSTON, MA US","2013-04","0","0","10","5",,"0","0","4","0","2","0","31",,"0.0","0.38","75","5172","483","1.37","0.0","48.9","57.1","40.7"
"USW00014739","BOSTON, MA US","2013-05","36","36","14","6",,"0","0","0","0","13","1","40",,"0.0","0.84","94","5399","227","3.22","0.0","58.8","67.3","50.4"
"USW00014739","BOSTON, MA US","2013-06","203","166","17","12",,"0","0","0","0","24","4","53",,"0.0","3.07","95","5427","28","10.50","0.0","69.6","78.0","61.1"
"USW00014739","BOSTON, MA US","2013-07","579","376","11","5",,"0","0","0","0","30","12","60",,"0.0","1.76","99","2","2","3.62","0.0","77.1","84.8","69.4"
"USW00014739","BOSTON, MA US","2013-08","801","222","5","2",,"0","0","0","0","30","0","59",,"0.0","1.62","89","2","0","1.84","0.0","72.1","79.8","64.5"
"USW00014739","BOSTON, MA US","2013-09","880","79","7","5",,"0","0","0","0","20","1","44",,"0.0","0.57","97","91","88","2.22","0.0","64.7","73.0","56.3"
"USW00014739","BOSTON, MA US","2013-10","896","16","8","2",,"0","0","0","0","7","0","35",,"0.0","0.31","82","366","275","0.62","0.0","56.6","64.2","49.1"
"USW00014739","BOSTON, MA US","2013-11","897","1","10","5",,"0","0","15","1","1","0","18",,"0.0","1.79","72","1035","669","2.72","0.0","42.7","50.7","34.8"
"USW00014739","BOSTON, MA US","2013-12","897","0","13","8",,"3","0","21","9","0","0","9",,"6.4","1.32","57","2016","981","4.63","11.7","33.3","40.2","26.5"
"USW00014739","BOSTON, MA US","2014-01","0","0","12","7",,"4","0","25","15","0","0","2",,"10.6","0.79","59","3177","1161","3.24","21.8","27.6","35.1","20.0"
"USW00014739","BOSTON, MA US","2014-02","0","0","13","8",,"5","0","24","12","0","0","8",,"10.7","1.35","55","4183","1006","4.13","23.0","29.1","35.7","22.4"
"USW00014739","BOSTON, MA US","2014-03","0","0","9","5",,"1","0","22","5","0","0","11",,"1.5","2.23","60","5158","975","4.48","2.2","33.5","41.7","25.4"
"USW00014739","BOSTON, MA US","2014-04","1","1","13","9",,"0","0","3","0","2","0","31",,"0.3","0.67","75","5665","507","3.23","0.3","48.1","56.1","40.1"
"USW00014739","BOSTON, MA US","2014-05","21","20","13","7",,"0","0","0","0","8","0","43",,"0.0","0.65","85","5880","215","2.86","0.0","58.7","66.4","51.0"
"USW00014739","BOSTON, MA US","2014-06","152","132","7","5",,"0","0","0","0","24","0","51",,"0.0","0.85","89","5911","31","2.62","0.0","68.3","76.6","60.1"
"USW00014739","BOSTON, MA US","2014-07","433","281","8","7",,"0","0","0","0","31","4","59",,"0.0","1.88","92","0","0","4.57","0.0","74.1","82.1","66.0"
"USW00014739","BOSTON, MA US","2014-08","613","179","7","2",,"0","0","0","0","30","1","58",,"0.0","1.06","91","0","0","1.75","0.0","70.8","78.3","63.2"
"USW00014739","BOSTON, MA US","2014-09","728","115","6","4",,"0","0","0","0","18","3","46",,"0.0","0.22","93","79","79","0.70","0.0","66.2","74.2","58.3"
"USW00014739","BOSTON, MA US","2014-10","737","9","12","7",,"0","0","0","0","8","0","39",,"0.0","2.25","81","356","277","5.84","0.0","56.4","63.0","49.7"
"USW00014739","BOSTON, MA US","2014-11","737","0","10","8",,"1","0","11","0","0","0","23",,"2.3","1.64","66","1030","674","5.27","2.6","42.5","49.5","35.5"
"USW00014739","BOSTON, MA US","2014-12","737","0","17","11",,"0","0","15","3","0","0","18",,"0.3","2.90","64","1859","829","6.57","0.3","38.3","43.7","32.8"
"USW00014739","BOSTON, MA US","2015-01","0","0","13","8",,"5","1","29","13","0","0","-1",,"22.1","0.95","52","3063","1203","3.57","34.3","26.2","33.2","19.2"
"USW00014739","BOSTON, MA US","2015-02","0","0","18","7",,"9","2","28","22","0","0","-3",,"16.2","0.88","39","4347","1284","3.38","64.8","19.1","27.9","10.3"
"USW00014739","BOSTON, MA US","2015-03","0","0","15","8",,"4","0","26","4","0","0","9",,"2.9","0.80","57","5329","983","3.05","8.6","33.3","40.9","25.7"
"USW00014739","BOSTON, MA US","2015-04","0","0","12","5",,"0","0","3","0","0","0","30",,"0.0","0.61","69","5839","510","2.28","0.0","48.0","55.8","40.2"
"USW00014739","BOSTON, MA US","2015-05","59","59","4","2",,"0","0","0","0","19","0","39",,"0.0","0.91","89","5982","143","1.22","0.0","62.3","73.2","51.4"
"USW00014739","BOSTON, MA US","2015-06","152","93","9","6",,"0","0","0","0","19","0","46",,"0.0","1.72","88","6086","103","5.02","0.0","64.7","72.0","57.3"
"USW00014739","BOSTON, MA US","2015-07","429","277","9","4",,"0","0","0","0","28","4","59",,"0.0","1.12","92","1","1","2.09","0.0","73.9","81.5","66.2"
"USW00014739","BOSTON, MA US","2015-08","728","299","6","4",,"0","0","0","0","31","6","61",,"0.0","0.83","91","1","0","2.19","0.0","74.6","82.7","66.6"
"USW00014739","BOSTON, MA US","2015-09","889","162","8","5",,"0","0","0","0","23","4","48",,"0.0","2.46","96","37","35","3.94","0.0","69.2","77.4","61.0"
"USW00014739","BOSTON, MA US","2015-10","890","1","8","4",,"0","0","1","0","6","0","31",,"0.0","0.73","76","379","342","1.74","0.0","54.0","61.4","46.6"
"USW00014739","BOSTON, MA US","2015-11","893","2","8","4",,"0","0","6","0","3","0","28",,"0.0","0.86","76","874","495","2.07","0.0","48.6","55.8","41.3"
"USW00014739","BOSTON, MA US","2015-12","893","0","13","10",,"0","0","6","0","0","0","24",,"0.9","1.02","69","1486","612","4.28","0.9","45.3","51.7","38.8"
"USW00014739","BOSTON, MA US","2016-01","0","0","7","5",,"3","0","25","6","0","0","8",,"6.1","1.38","58","2490","1005","3.27","9.5","32.6","39.5","25.7"
"USW00014739","BOSTON, MA US","2016-02","0","0","10","7",,"3","2","18","5","0","0","-9",,"6.8","0.96","65","3367","877","4.18","15.1","34.8","43.8","25.8"
"USW00014739","BOSTON, MA US","2016-03","0","0","13","7",,"1","0","9","1","2","0","21",,"3.6","1.14","77","4064","697","3.17","4.1","42.5","50.0","35.0"
"USW00014739","BOSTON, MA US","2016-04","3","3","10","6",,"2","0","6","1","2","0","22",,"4.7","1.03","78","4604","540","2.91","6.6","47.1","54.6","39.6"
"USW00014739","BOSTON, MA US","2016-05","42","39","10","8",,"0","0","0","0","14","1","42",,"0.0","1.13","92","4842","238","2.83","0.0","58.6","66.5","50.7"
"USW00014739","BOSTON, MA US","2016-06","164","122","7","3",,"0","0","0","0","26","0","54",,"0.0","0.91","87","4861","19","1.33","0.0","68.4","76.8","60.0"
"USW00014739","BOSTON, MA US","2016-07","515","351","8","4",,"0","0","0","0","28","12","59",,"0.0","0.23","98","7","7","0.87","0.0","76.1","84.7","67.4"
"USW00014739","BOSTON, MA US","2016-08","869","354","8","4",,"0","0","0","0","31","7","61",,"0.0","0.89","98","7","0","1.72","0.0","76.4","84.7","68.1"
"USW00014739","BOSTON, MA US","2016-09","993","124","11","5",,"0","0","0","0","23","2","48",,"0.0","0.34","93","56","48","1.39","0.0","67.5","74.4","60.7"
"USW00014739","BOSTON, MA US","2016-10","1005","12","11","8",,"0","0","0","0","5","0","34",,"0.0","1.84","81","367","312","5.46","0.0","55.3","62.4","48.2"
"USW00014739","BOSTON, MA US","2016-11","1005","0","10","3",,"0","0","3","0","1","0","30",,"0.0","0.99","70","931","564","2.70","0.0","46.2","53.5","38.9"
"USW00014739","BOSTON, MA US","2016-12","1005","0","12","7",,"1","0","20","3","0","0","4",,"4.3","1.16","58","1852","920","3.26","5.9","35.3","42.0","28.7"
"USW00014739","BOSTON, MA US","2017-01","0","0","17","8",,"2","0","18","6","0","0","11",,"7.0","1.09","61","2778","926","4.25","8.9","35.1","41.0","29.3"
"USW00014739","BOSTON, MA US","2017-02","0","0","10","6",,"6","0","20","2","1","0","11",,"10.9","1.25","73","3571","793","3.22","21.5","36.7","44.7","28.6"
"USW00014739","BOSTON, MA US","2017-03","0","0","13","5",,"2","0","21","5","0","0","9",,"6.6","1.62","63","4529","959","4.18","10.1","34.1","41.4","26.7"
"USW00014739","BOSTON, MA US","2017-04","18","18","12","6",,"1","0","0","0","7","0","33",,"1.2","1.56","86","4946","417","5.74","1.2","51.7","59.8","43.5"
"USW00014739","BOSTON, MA US","2017-05","59","41","14","7",,"0","0","0","0","4","3","42",,"0.0","0.95","95","5256","310","3.45","0.0","56.3","62.5","50.1"
"USW00014739","BOSTON, MA US","2017-06","245","186","14","7",,"0","0","0","0","25","4","47",,"0.0","2.13","95","5308","52","4.85","0.0","69.5","78.4","60.5"
"USW00014739","BOSTON, MA US","2017-07","488","243","10","8",,"0","0","0","0","28","4","56",,"0.0","1.41","93","11","11","4.03","0.0","72.5","80.0","65.0"
